"default","student","balance","income"
"Yes","Yes",1486.99812160021,17854.3970280731
"Yes","Yes",2205.79952114829,14271.492252976
"Yes","Yes",1774.69422305776,20359.5060855671
"Yes","No",1889.59918976304,48956.1715885681
"Yes","Yes",1899.3906258472,20655.2000032624
"Yes","Yes",1572.85648082363,14930.1783306833
"Yes","No",1964.47687225275,39054.5891443139
"Yes","No",1530.35315714612,30003.8171511159
"Yes","No",1642.81999663825,46856.947039092
"Yes","No",1991.64912011299,42133.3731759574
"Yes","No",1550.44926441315,56273.5136083638
"Yes","No",1328.89272521776,34710.0623657107
"Yes","No",1700.59991348658,30488.9834104565
"Yes","Yes",1118.70103943078,21848.4429000063
"Yes","No",1119.09724476071,37224.5678135129
"Yes","No",1981.45181538436,28127.8954733126
"Yes","No",1717.07159258608,38408.8909167269
"Yes","No",1465.21016364328,58699.9831975197
"Yes","No",1763.57908789461,46227.0745421357
"Yes","Yes",1770.96944052649,15975.5371965119
"Yes","No",1531.71645931978,43930.4000955678
"Yes","No",780.172569171513,51656.8740637741
"Yes","Yes",1551.02346886055,19027.5086325602
"Yes","Yes",1504.29017813787,13965.1860445333
"Yes","Yes",1871.93838694355,18077.4870927503
"Yes","No",1902.61299103773,53394.0762256759
"Yes","Yes",1881.04995231902,16580.4505635578
"Yes","No",1505.83147454065,29525.7494012187
"Yes","Yes",1889.33211032708,22652.1096342004
"Yes","No",1243.55402519945,37634.3463986484
"Yes","No",1753.08438927503,48965.3469660968
"Yes","No",1964.01468409879,50553.5345217328
"Yes","No",2033.19178970717,44998.2874372569
"Yes","No",1488.77956191303,49803.2930787071
"Yes","Yes",1424.55932328854,25398.1974394264
"Yes","No",1496.07211037409,40214.6208266244
"Yes","No",2024.10501794555,51508.8688750637
"Yes","No",2499.01674959731,51504.2939603673
"Yes","Yes",1402.2675157905,12104.3156125042
"Yes","No",1379.43071716928,38881.9693488013
"Yes","Yes",2502.68493124851,14947.5197523987
"Yes","Yes",1507.33394777159,23898.8782347949
"Yes","No",1278.40730029171,36675.6068828001
"Yes","Yes",2123.36921697603,23836.4642624001
"Yes","No",2220.96620112365,40725.0962073577
"Yes","No",1907.37731125308,42346.8284633201
"Yes","No",1758.42094743883,49787.4565722879
"Yes","No",1575.48781838196,35735.4550144135
"Yes","No",1865.63577947078,49604.8821305309
"Yes","No",1790.67498344072,44607.4290190773
"Yes","No",1567.61070445614,38785.3576829858
"Yes","No",2074.80758856856,38988.8592451984
"Yes","Yes",2332.8782541994,11770.2341236926
"Yes","No",1532.32629971463,42152.3617128869
"Yes","No",1972.16681967648,34362.6350079998
"Yes","Yes",2269.94696613409,18021.105947569
"Yes","No",1861.06087104511,55671.723664137
"Yes","No",1456.54605630224,51508.5743439271
"Yes","No",1893.28979213479,31821.7255806098
"Yes","Yes",2009.6857436175,25694.4961577195
"Yes","No",1858.9045150328,35525.2139266658
"Yes","No",1478.12406941257,31515.3444926478
"Yes","No",1772.85548374805,42080.1068361856
"Yes","Yes",1790.36053654332,14306.823602407
"Yes","No",1170.19897414894,46692.1047752222
"Yes","No",1554.81631872328,26430.4894049186
"Yes","No",1891.10961430646,34448.693854621
"Yes","Yes",1836.16176454549,18944.8078756839
"Yes","Yes",1748.68084923477,13715.4243783026
"Yes","No",1807.68449070323,42308.9544537047
"Yes","No",2005.57512847055,36636.0085937313
"Yes","No",1823.7514257788,53526.3564109476
"Yes","Yes",1893.6643342683,21526.3506270682
"Yes","No",1135.04734947211,48982.225852038
"Yes","Yes",1925.98279481192,17763.3503033729
"Yes","Yes",1944.677458621,13026.0467334358
"Yes","Yes",2261.84816166666,20030.1651194096
"Yes","Yes",1492.96342101535,11054.0684385758
"Yes","No",1322.72397902781,23229.9091337731
"Yes","Yes",1724.96323223373,22170.6873405632
"Yes","No",1706.95684088777,21738.7963336109
"Yes","Yes",1737.53781487332,20974.0345941776
"Yes","No",1558.46347122157,41648.326172772
"Yes","Yes",1812.07999802736,17962.2701593326
"Yes","Yes",1956.92390589788,15574.389976252
"Yes","No",2023.73360278694,32094.6278057806
"Yes","No",1648.4740168088,55548.2541750171
"Yes","No",1374.47471172714,35805.708860939
"Yes","Yes",2134.93448768395,20330.8648725049
"Yes","No",2133.46420858019,28237.8823408005
"Yes","Yes",2110.55685791454,19345.1047348054
"Yes","Yes",1983.23447461812,25687.9297474383
"Yes","No",1066.88408412325,44918.4123168182
"Yes","No",1789.09339109987,48331.1268575393
"Yes","Yes",1707.91463425405,10591.7174194295
"Yes","No",1804.03647479983,31318.2960261534
"Yes","Yes",1543.09958172153,18304.6505704658
"Yes","No",1665.95462052155,30070.1352632412
"Yes","Yes",2035.8615565476,14435.8431942214
"Yes","No",2085.58697818353,35657.2256698962
"Yes","Yes",2387.31486743364,28296.9147184635
"Yes","Yes",1500.89453315482,15802.2328831476
"Yes","No",1165.53985274392,50341.5739037884
"Yes","Yes",1894.1682010356,28321.6845474436
"Yes","Yes",1289.24621049482,13624.5452584786
"Yes","Yes",2169.1961867561,18195.266900905
"Yes","No",1899.54684151896,46076.2371099545
"Yes","Yes",2415.31699391853,17429.5033745137
"Yes","No",1751.34708758191,38381.5857951998
"Yes","No",2228.47228298224,27438.3489877222
"Yes","No",1578.84749623035,61220.1331459947
"Yes","Yes",1966.06296646795,17735.7788026984
"Yes","No",1898.32349723464,61011.2159467102
"Yes","No",1166.79852718668,30367.6108561366
"Yes","Yes",2124.48923886948,12651.0743188128
"Yes","No",1302.73474174655,43680.065235685
"Yes","Yes",2008.03298475156,18601.4030905943
"Yes","No",1922.82904619158,56202.5761963902
"Yes","No",2080.93724738167,34494.1712062838
"Yes","No",1731.6807661524,56228.9216823573
"Yes","No",1903.66721921081,41173.5039918827
"Yes","No",1488.55877463986,22256.8636914601
"Yes","No",1585.72940149394,52274.8601245548
"Yes","Yes",1475.05743781716,20210.2726246288
"Yes","No",1332.38617766582,53517.350489625
"Yes","Yes",2179.22142805877,15302.7765041428
"Yes","No",1360.38578198715,28992.0018194355
"Yes","Yes",2004.3940010495,18860.8466453611
"Yes","No",1504.75537803833,26183.2453525162
"Yes","No",1672.50606273916,66466.460890915
"Yes","Yes",1237.62186571379,14862.7054597298
"Yes","No",2008.45859591035,35145.0476213865
"Yes","Yes",2321.88222078406,21331.3147812222
"Yes","No",1342.26287404933,35691.6373626218
"Yes","Yes",2334.12355928646,19335.8892870067
"Yes","No",1632.89411755965,44326.5848389279
"Yes","No",2147.3125781201,58271.3908258596
"Yes","Yes",1803.94456724079,29100.8192252135
"Yes","No",1673.48634915562,49310.3329074721
"Yes","Yes",2216.01766888986,20911.695635345
"Yes","No",1319.81645438772,36548.8183522009
"Yes","Yes",1819.94093603444,19393.4829690793
"Yes","Yes",2047.41700651498,13678.508032147
"Yes","No",1644.69662278627,61474.9344461318
"Yes","No",1823.40410518463,14664.1381225121
"Yes","No",698.56735192862,31754.5234215337
"Yes","Yes",2182.60434354643,20780.69245487
"Yes","No",1672.0314827914,50327.3677566251
"Yes","No",1396.78918130163,40371.1247388957
"Yes","Yes",2291.61768844883,20837.2094471977
"Yes","Yes",1665.70832014732,21024.2716484296
"Yes","No",2054.45252745952,37366.7650507786
"Yes","No",1350.60326099354,21541.2987938108
"Yes","Yes",1337.23518702176,32761.0534040074
"Yes","Yes",1926.3715830091,17012.4381440591
"Yes","No",1708.65972028717,38203.5094749589
"Yes","Yes",1807.66621807195,18166.3226526991
"Yes","No",1854.6041538508,38406.3564635228
"Yes","No",1436.31154943473,18810.8041351982
"Yes","No",1549.89467343683,47916.2948560542
"Yes","No",1563.53519785347,51704.9199686192
"Yes","Yes",1433.16763517475,18087.6863730016
"Yes","Yes",1681.48150579852,10155.3239877604
"Yes","No",1488.46992484111,36457.2232810267
"Yes","Yes",1567.67928171741,19172.6794504669
"Yes","Yes",1902.96956487606,12464.3030428074
"Yes","No",1661.75264500024,21871.4629698414
"Yes","No",2075.18875447378,40882.4942205655
"Yes","Yes",2109.99939482269,17774.5252912207
"Yes","No",1511.61095196469,53506.9449260287
"Yes","Yes",2177.15086891132,17659.7478222343
"Yes","No",1928.28028339196,35492.1282298837
"Yes","No",1028.76720660767,40346.8332744194
"Yes","No",2037.94335373876,43016.0721799483
"Yes","Yes",1878.00114593831,17473.1839905825
"Yes","No",1026.35885461087,56182.1299303767
"Yes","No",1586.50219904833,48925.9333773086
"Yes","No",1954.33329923565,35067.5349242276
"Yes","Yes",1473.03456108025,18108.9616707213
"Yes","No",1733.82467870178,26330.5117293113
"Yes","No",1412.19244842734,37283.0081014143
"Yes","Yes",2113.62976138136,21100.7217870678
"Yes","No",1711.16909322993,18579.1024704064
"Yes","Yes",1936.06186248878,13377.8288411616
"Yes","No",1844.88383884583,35508.6754221796
"Yes","No",1969.94292393429,29415.7532920711
"Yes","Yes",1647.28224769539,16154.4622803728
"Yes","Yes",1758.40657080375,14272.2737755857
"Yes","Yes",2247.42188932705,17926.7230141293
"Yes","Yes",1102.43498209896,17391.779646823
"Yes","No",1801.80118346806,24152.264834226
"Yes","No",1741.91491543247,35067.4251226861
"Yes","No",1823.63655922363,44260.1563740071
"Yes","No",2075.32789240119,43817.4994165192
"Yes","No",961.488850067884,27717.6149963238
"Yes","No",1258.76479390195,26331.3723972254
"Yes","No",1178.15885831725,44437.2021385296
"Yes","Yes",2145.60767410022,23516.1913448152
"Yes","Yes",2125.79220209824,19539.1486085893
"Yes","No",1114.83218093412,39776.9989569363
"Yes","Yes",2086.53616450154,17893.7213718312
"Yes","No",2413.31944892365,38540.5727051179
"Yes","No",2187.22484631191,42205.1230478132
"Yes","No",1588.52620557925,38014.5688450189
"Yes","Yes",2182.34895374804,22037.8596945121
"Yes","No",1631.61561720793,38906.956406913
"Yes","No",1408.43808460249,48012.9135707117
"Yes","No",1803.1702590052,36192.6302248573
"Yes","Yes",1954.32168919689,17137.4737238985
"Yes","No",1424.93289000674,27668.952235473
"Yes","No",1920.24233205636,57242.9834069871
"Yes","Yes",2066.69560264995,10470.6359999562
"Yes","No",2343.79751269872,51095.2939288164
"Yes","Yes",1985.32173867563,22248.4026595649
"Yes","No",1572.34558970181,37895.1730685155
"Yes","No",1805.55958800801,40119.7878293954
"Yes","No",1650.57800035387,31514.2596520501
"Yes","No",2124.67131340206,44520.000102649
"Yes","Yes",1704.57852928341,16887.4051366611
"Yes","No",1819.24909460129,49621.0561715013
"Yes","No",1797.76701894827,47068.724605617
"Yes","No",1605.21458639037,26149.1482230276
"Yes","Yes",1893.02300430521,16853.3295653838
"Yes","Yes",2168.45319610867,24648.9799157642
"Yes","No",1838.87136892563,32129.3398189179
"Yes","No",1434.12771574145,47311.5304210632
"Yes","Yes",1895.33493298048,16394.5081086404
"Yes","Yes",1805.6183529996,19168.0299741275
"Yes","No",1562.45458493467,43067.3337360648
"Yes","No",1847.79137287982,30202.8462381974
"Yes","No",1508.64924310288,37111.3089039706
"Yes","Yes",1570.6587796556,16239.1531737462
"Yes","No",1914.10696202772,55573.7017123721
"Yes","Yes",1957.12029492724,18805.9521289077
"Yes","No",1456.96393044029,49054.1938883123
"Yes","No",1143.68050317136,37751.0173411394
"Yes","Yes",2287.17384201509,18692.1443107782
"Yes","Yes",1233.44589515108,12586.4781909623
"Yes","No",1723.18721476173,43143.1644908776
"Yes","Yes",1553.34965666218,18091.9437361812
"Yes","Yes",1893.94295526224,12399.1247374186
"Yes","Yes",1806.92184567205,11506.2177502211
"Yes","No",1476.50978220195,42984.4128511994
"Yes","Yes",1321.53537905713,23735.1598892282
"Yes","Yes",1807.70584411186,21849.4816313093
"Yes","No",1833.64654831254,43539.7843334378
"Yes","No",1377.68001967136,41435.2694991584
"Yes","Yes",1988.86974718816,17762.8659115926
"Yes","No",1721.43491831519,41999.7033384974
"Yes","No",1757.73849947833,51991.463494111
"Yes","No",1392.59975316796,37620.2413146324
"Yes","Yes",2461.50697867784,11878.5570446708
"Yes","No",1621.57578487284,36577.8462027349
"Yes","Yes",2117.12061387647,12143.474803771
"Yes","Yes",1875.45889462485,17820.4633288357
"Yes","No",1099.05770130181,42590.8944537008
"Yes","No",1809.40986352205,33453.406538286
"Yes","No",1610.48401491748,35589.7338305398
"Yes","No",2040.59017105597,50930.9107859245
"Yes","No",2038.89185057887,58606.4862432055
"Yes","No",2024.82021156467,64135.4310819166
"Yes","No",1598.02083082886,39163.3610556876
"Yes","Yes",2578.46902158917,25706.6477744655
"Yes","Yes",2083.22837647615,20103.602739227
"Yes","Yes",1721.97302703926,15179.7493287096
"Yes","Yes",1402.20572671052,15964.2091821951
"Yes","Yes",2038.54315996182,12181.902584317
"Yes","No",1940.3716198907,41162.9336560565
"Yes","Yes",1493.96853901776,24126.029785681
"Yes","No",1562.83791774789,49303.0094684327
"Yes","No",1804.19050453849,23096.0843640887
"Yes","No",2236.76421456131,37113.8830697644
"Yes","Yes",1874.82261243745,14957.8163342872
"Yes","Yes",2034.67471782133,17133.9659619014
"Yes","No",1655.77559694702,25639.7935387017
"Yes","Yes",1013.21688638161,19651.2617936432
"Yes","No",2155.28898610335,34787.2526819072
"Yes","No",1743.06470981777,22308.1257490576
"Yes","Yes",2024.66016984007,9663.7881589584
"Yes","No",1815.79252000645,31632.5838611298
"Yes","No",2063.57193445013,37372.7584928128
"Yes","Yes",1740.76830587972,18161.2440790232
"Yes","No",1994.39506620033,44794.3375042287
"Yes","No",1361.73579057918,50322.355320138
"Yes","No",1292.43021067816,50990.5771675202
"Yes","Yes",2654.32257628018,21930.3888786977
"Yes","No",1622.4990392531,39228.5414258989
"Yes","Yes",1276.68508261978,19282.4359237479
"Yes","No",2062.87062844915,30839.1806730601
"Yes","No",1323.62814220734,18820.7949690603
"Yes","No",1926.59908212714,59224.4527589955
"Yes","No",2049.0298451449,52568.9088071495
"Yes","Yes",2207.59905386637,19780.7635185799
"Yes","No",1315.55876543897,35456.6960512827
"Yes","Yes",1359.21394743248,25548.4874099867
"Yes","No",2006.98617301263,50033.5331529481
"Yes","Yes",2352.05494931522,24067.5481040571
"Yes","No",1288.40699655441,44253.3087353926
"Yes","No",1747.98366856951,18966.10957371
"Yes","Yes",1789.47747479376,17667.7822202713
"Yes","No",1856.91471650834,33445.6168691596
"Yes","No",1125.6565618153,34758.1237796202
"Yes","No",1234.10202131484,43764.8686376452
"Yes","No",1800.64173306343,48708.9599348881
"Yes","No",1547.99544475031,37524.2535271978
"Yes","No",2095.11481689194,44647.5864831921
"Yes","Yes",1538.0156030863,21356.9371123679
"Yes","No",1815.17411191986,23648.4135102395
"Yes","No",2073.7828464432,52335.5505993235
"Yes","No",961.732661954925,27600.4162967222
"Yes","No",1825.97059923332,39407.9170346961
"Yes","No",1658.96768927915,38204.1226198861
"Yes","No",1506.19184823604,47061.3945398275
"Yes","Yes",1719.25565479764,15752.0080061962
"Yes","Yes",2046.63951494124,17910.6344721428
"Yes","Yes",1726.47960966875,13654.6049381595
"Yes","No",1666.1138341785,25054.7678239285
"Yes","No",959.159213374077,59435.2345810762
"Yes","No",652.397134412879,46155.0438680055
"Yes","Yes",1502.18673866603,18603.495531833
"Yes","No",2128.79599194797,42096.5023677566
"Yes","Yes",1530.55147909759,13003.9292044954
"Yes","No",1698.82614249543,27374.8875156932
"Yes","Yes",1867.30856911342,24720.4805591524
"Yes","No",1975.65302824061,38221.8397449546
"Yes","No",1973.82214669185,27340.0122687502
"Yes","No",1335.61287132382,37595.3442741023
"Yes","No",2288.40808192017,52043.5690521956
"Yes","No",2148.89845431192,44309.9171725874
"Yes","Yes",1627.89832265731,17546.9970160528
"Yes","No",1750.25315038805,51578.9401632488
"Yes","No",1515.60623850741,48688.5120858599
"Yes","No",2202.46239490796,47287.2571079624
"No","No",1166.59398929301,26977.6227486722
"No","No",666.394794790436,34912.33670141
"No","Yes",1172.27349764421,22792.6216909739
"No","No",618.881501992201,27906.5896181767
"No","No",355.016331184177,36327.8770094896
"No","No",147.61011548848,37588.5626099252
"No","No",418.848345433837,36901.7833281202
"No","No",1140.1401141,41775.5181102699
"No","No",584.223460529395,38683.3748761287
"No","No",592.045181611353,39064.994480207
"No","No",295.150455976312,48387.4724479823
"No","Yes",1308.02458812072,17353.8604211182
"No","No",1392.26131534944,32283.3883773109
"No","No",743.623145225239,37333.5741226045
"No","No",655.629150055933,40257.9329916046
"No","No",745.813204823963,42762.4749919349
"No","No",354.216390971718,25427.0544326248
"No","No",430.469060274272,47462.0709857981
"No","No",509.155164105994,40132.6592071943
"No","No",1351.32542269803,46663.3922059486
"No","No",294.634280951069,63285.0251126079
"No","Yes",874.34837577951,10845.0188294157
"No","No",781.667785915406,49427.5177211641
"No","Yes",612.266052400423,16270.8356417841
"No","No",900.838759144024,33130.7093374951
"No","No",1142.93515351666,34401.6671117773
"No","Yes",852.3139524994,15956.6488436805
"No","No",1553.28960393601,44150.16208824
"No","No",271.55143774701,32850.1201448079
"No","No",667.711628636986,30803.4446563457
"No","No",766.430430038519,39078.7969995895
"No","No",1556.19419401156,26905.5807480981
"No","No",1038.32287099795,45057.6420464299
"No","Yes",1178.24890887526,29362.604609009
"No","No",1453.08363720655,36828.3271922962
"No","No",1302.39985423502,15468.3447408757
"No","No",1042.79193502536,26141.0059458739
"No","No",1378.16988733139,48152.9878524834
"No","No",817.431769304621,40088.050514941
"No","No",367.466012183201,30611.2722706897
"No","No",766.124054874063,51614.0562036621
"No","Yes",719.554053545902,17195.7445380271
"No","No",851.103567490966,53433.5741701953
"No","No",722.133486767882,22669.2398040671
"No","No",28.7388025495519,41809.2041766343
"No","Yes",1634.26972580171,18036.6305852339
"No","No",1439.29677868912,36170.5983674823
"No","No",464.41630119677,38236.740022089
"No","No",1195.62870012121,34701.8024887858
"No","No",168.813495469025,57262.7545045714
"No","No",1069.6220603923,40299.3199102539
"No","No",0,26237.4743420025
"No","No",503.513808814529,62115.1050819044
"No","No",748.138164599069,21153.482463354
"No","No",423.430473770691,46000.7966775868
"No","No",131.747075963338,36947.7786180191
"No","No",1097.7625478144,42228.9704754292
"No","No",1207.15084223977,29875.3790445721
"No","No",1118.85173810187,30558.3838568659
"No","No",471.255083069548,28417.7419907703
"No","No",244.509086414582,33751.2450670081
"No","No",887.903298925522,29642.1440308044
"No","No",989.686419964429,27856.5770606696
"No","No",386.265071247349,45776.2066773424
"No","No",977.947923151752,38368.4841700357
"No","No",926.489673303745,49919.9672941973
"No","No",935.33815565705,57139.3048612283
"No","No",582.317221802386,29239.8460732045
"No","No",110.660530711258,64525.9378993549
"No","No",583.712000758947,42590.1241396148
"No","No",985.614062736995,49948.4671119046
"No","No",743.055931704974,40944.5638044847
"No","No",929.819934850511,50611.9859546811
"No","No",1341.0777774559,40199.8414148092
"No","No",963.092668712372,33110.3041089651
"No","No",1266.77263593222,47991.0501265717
"No","No",280.614830515579,35494.5978623224
"No","Yes",1295.85184404715,10987.265192511
"No","No",1471.77507287232,32478.0439109335
"No","No",969.358837365413,46026.7193738543
"No","No",751.39991725403,54993.4078424962
"No","No",492.39892684554,36004.3787656855
"No","No",486.576050197581,27687.3411659989
"No","No",628.419545661226,34756.2476400261
"No","No",1701.68848691138,38567.2047054257
"No","No",423.337696771481,60170.5744657902
"No","No",983.127571332577,19985.6014307873
"No","Yes",377.767603673887,14021.5888992056
"No","No",0,46542.9852774578
"No","Yes",643.577000917672,28765.910525223
"No","Yes",1004.36463665711,13422.3794608111
"No","No",737.041709018461,27879.6568461805
"No","No",748.704835614302,48036.0791048472
"No","No",866.772499634281,30400.5605118558
"No","Yes",1014.76966176828,12239.8838074693
"No","No",867.629482747378,43091.9359878415
"No","No",1388.56348925402,21151.2631286477
"No","No",1510.79325032928,47684.2394572224
"No","No",1166.10023562566,23994.4039068604
"No","No",796.390802627468,47600.4945153565
"No","No",720.857568601496,42753.7216938114
"No","Yes",1107.00241299216,30618.6203455371
"No","Yes",357.595665269024,18141.0028164559
"No","No",0,50496.4737233152
"No","No",709.123351356216,44041.6300941084
"No","No",875.241640429435,52861.7441970002
"No","No",818.060883412421,35902.4718016752
"No","No",748.487595522024,36453.6451213344
"No","No",69.023877541276,41566.5820708201
"No","No",163.353170816826,45183.1451245658
"No","No",697.666382564536,35402.2679567815
"No","No",390.606676891254,38083.5473003731
"No","Yes",922.885355540815,22988.8426517771
"No","Yes",1610.0158576143,19649.4844285022
"No","No",953.147356270312,29328.0391608131
"No","No",1463.5931611141,34064.878717232
"No","No",63.0974703902123,38493.0872467354
"No","No",1243.70832217009,37926.1052449778
"No","Yes",321.795067191554,19229.2258698321
"No","No",324.504531784576,51139.8768545561
"No","No",977.657620997298,43743.4967298485
"No","No",740.580773422977,20717.544444772
"No","No",1351.03593016271,40946.6055213149
"No","No",1407.6395145697,52746.1331466994
"No","No",204.740181714577,17534.2905392742
"No","No",1889.52477548295,32509.6162569272
"No","No",247.19905719341,37377.3578246637
"No","Yes",590.566232554882,9143.39643269774
"No","No",571.959941777441,24932.0059234333
"No","No",594.106133663565,24069.2130253837
"No","Yes",1799.14934936528,20215.6238235123
"No","No",964.541305769544,33908.0513820675
"No","No",652.553316643973,32438.0580993505
"No","No",222.105456229842,41217.3493585232
"No","No",1911.66851672829,52802.0888231585
"No","No",504.02837873803,24780.9612369205
"No","No",645.931623040968,39695.6272589398
"No","No",911.931544151435,40503.003979245
"No","No",828.662811758189,28427.6702930321
"No","No",1246.62613832251,41930.155003598
"No","No",0,36949.9498905999
"No","Yes",1235.96648680657,21706.6303125178
"No","No",293.614966998029,35945.6602591222
"No","No",891.394821935661,43535.9399390918
"No","No",997.80984304604,50287.8737409593
"No","Yes",942.140104921355,23835.3854718109
"No","Yes",887.290639981827,14958.5514708638
"No","No",222.880275629056,40849.9209013436
"No","No",0,47236.9737748412
"No","No",178.154515698657,28785.9620969575
"No","No",684.715044622936,27951.1972343005
"No","Yes",748.059228265943,17362.8074609483
"No","No",449.949321999232,38987.0248623351
"No","Yes",1050.15133269262,16963.8126910891
"No","No",133.673454962256,28492.4003038224
"No","No",1370.10949573634,40101.3791314575
"No","Yes",465.062888613853,20379.0620895269
"No","Yes",1084.54298048584,17410.8465778844
"No","No",0,54901.8222134325
"No","No",147.049333558096,52074.5106972395
"No","No",443.446992281183,29811.3634534199
"No","Yes",1183.45281522434,16189.2883933786
"No","No",1047.2274214374,40974.728128351
"No","No",853.060422763735,39553.3656783293
"No","Yes",1725.33924356463,18268.1953665361
"No","No",52.9180891783735,30506.358853652
"No","Yes",1233.73552347869,15480.2077785454
"No","No",535.135342889862,44448.6070341664
"No","No",462.004289552745,33157.3621976191
"No","No",1057.9404153634,45514.6725264215
"No","No",0,39329.8081786913
"No","No",1015.72588136653,31820.9412716706
"No","Yes",1369.40827588944,18144.3502642041
"No","No",828.840863016667,39984.2734678397
"No","Yes",563.542661100162,24082.0393441031
"No","No",501.286648883935,36154.6526910388
"No","No",220.666752812166,64467.7333980933
"No","No",127.707918266324,27483.8950029773
"No","No",1001.22197077828,44801.4010017881
"No","No",246.636545293022,18953.671937326
"No","No",1306.79691602462,48799.5119069181
"No","Yes",1765.89393783248,18053.4997231119
"No","Yes",1929.44698025845,14995.4921684901
"No","No",325.859608024347,36682.2825686063
"No","No",82.7303897500606,27627.2240812824
"No","No",1402.24271716909,32742.2706120643
"No","No",774.073176557921,46082.0432177328
"No","No",1006.20156056956,42689.2736872236
"No","No",795.119291607454,38710.3813279163
"No","No",293.65537518518,38893.6045913333
"No","Yes",709.027102883811,18305.7345223333
"No","No",490.645063024137,37998.7143516608
"No","No",536.517494230315,28629.4636706794
"No","Yes",815.548669141047,16908.139756724
"No","No",48.2656403155554,32081.0922978199
"No","No",465.08553459872,43480.5684862969
"No","Yes",562.304198182497,20164.3110069354
"No","No",1806.91653062691,36306.8176295486
"No","Yes",1049.241310546,23332.4838409643
"No","No",1265.50126447533,32910.3974372661
"No","Yes",1557.34463668228,18404.594189222
"No","No",0,36379.5188526604
"No","No",383.798659005674,61425.286388114
"No","No",0,48025.6168546343
"No","No",661.425887551556,55591.5570250899
"No","Yes",280.24815366878,25307.3770794565
"No","Yes",2128.43414823871,22664.219843924
"No","No",813.133978036295,59309.4766826029
"No","No",585.804176768659,30143.3285117119
"No","No",1125.15873643759,37864.3259790881
"No","No",524.83815013125,41268.4236470728
"No","No",511.417511107721,25768.2854912986
"No","No",1018.40963958971,25394.2546280925
"No","No",455.184490479099,43513.3506271492
"No","No",164.001019441243,42695.3979153921
"No","Yes",0,15967.6142121715
"No","No",1084.3874989557,34558.6157778435
"No","No",673.926656787536,39508.6241247705
"No","Yes",591.537144690117,20961.4652602437
"No","Yes",1500.283089198,16943.0290244786
"No","No",520.654612793611,39914.919047822
"No","No",340.964399114303,27262.0579810414
"No","No",426.087027438672,15498.8694742336
"No","No",357.50662154887,66404.6831116793
"No","Yes",1180.36381739222,24063.3127448186
"No","No",1.97669165657703,51672.3606746991
"No","No",863.046051003096,50667.8767561549
"No","No",442.56330169432,27898.4653945517
"No","No",319.60236937232,53135.3670426105
"No","No",992.963525690813,45540.4456802251
"No","No",0,48365.5775942221
"No","No",245.438753254707,54133.0383062382
"No","No",1257.76020889191,30834.7713682736
"No","No",1268.59397286501,42012.8965861893
"No","Yes",1443.86042588629,19146.2914155916
"No","No",445.829287617145,42343.8006824259
"No","Yes",1300.88969344098,14156.6456712982
"No","No",240.225612056097,25042.4017278854
"No","No",931.576984186363,52703.7912231804
"No","No",527.940223666282,56820.8207444954
"No","No",36.0879903528757,37015.5573565846
"No","No",1101.09122392197,43035.5620761571
"No","No",1248.27894291764,41100.6261742015
"No","No",1708.57407859584,34890.717129216
"No","Yes",1423.93891664088,22634.4880875812
"No","Yes",470.309392705283,10062.0836038357
"No","No",528.942463459578,42134.2706302658
"No","No",399.118375316584,48889.9890284738
"No","Yes",559.566410763486,15720.3824613913
"No","No",882.99191255185,17181.7379663818
"No","Yes",118.201492870089,15472.655985471
"No","Yes",671.175868767628,17564.9547548174
"No","No",136.422035556422,42719.8940623756
"No","No",93.9405627936824,19811.3305427787
"No","No",1418.70284028208,35619.966731296
"No","Yes",954.150390455917,15969.8199667989
"No","No",1171.41159010859,52278.2442048295
"No","No",752.2218482128,48764.0227335012
"No","No",918.546151295038,53331.2784279661
"No","Yes",831.818536264928,16164.4846069406
"No","No",0,32629.9448499908
"No","No",460.139804417708,52708.5598496177
"No","No",667.290493003104,66538.3442219194
"No","No",1285.37127902736,39925.203396523
"No","Yes",842.255987408822,23310.2288610289
"No","No",1057.27499998475,42731.876409648
"No","No",1202.88312357915,12288.127075016
"No","Yes",1581.79048948189,10537.5298371772
"No","No",768.694006876275,32373.771051203
"No","Yes",790.55432859871,20568.8272424665
"No","No",403.810034348588,40535.1661684496
"No","No",618.860372699188,37333.3338338768
"No","No",1763.84563955144,36686.3483703886
"No","No",1282.32124736986,37437.7109632329
"No","No",906.231097084323,46715.2346835251
"No","No",693.10134494208,54492.7479580071
"No","No",681.213002165506,37287.2297831665
"No","No",228.955854756653,36783.0052497006
"No","Yes",1845.97643893727,12107.7418248053
"No","No",1213.03372043657,17726.67010762
"No","Yes",1925.98745137576,20441.674444239
"No","No",803.946256032651,42286.2878154554
"No","No",1142.66970009878,40823.3797085521
"No","Yes",501.058247569098,23090.9971921175
"No","No",501.391685956458,42856.1899982353
"No","No",922.696676206001,34622.6193419817
"No","No",1059.86582999024,33567.8450260249
"No","No",606.742343302464,44994.5558492173
"No","No",1258.56739272567,44931.6749177461
"No","No",1190.4859598224,38553.5747928755
"No","Yes",753.383573607443,12258.6045124657
"No","Yes",139.19286882554,24734.0829253905
"No","No",1238.10517698086,37544.9421289734
"No","No",1097.60003894511,52286.4318229537
"No","No",986.358895012314,41688.0643432576
"No","No",95.296974128368,32359.3890284286
"No","Yes",2004.72756831,27136.5379770062
"No","No",894.73448421392,37903.5264631725
"No","No",618.139164308692,50146.4292488553
"No","Yes",1054.2002082358,19440.9731795923
"No","No",478.401744719427,30338.3568611308
"No","No",1569.83566642918,42781.3833042045
"No","Yes",58.9719451002576,20914.9310231373
"No","No",393.828577983662,28362.6246287932
"No","Yes",823.736672842706,19041.8183804585
"No","Yes",542.389693840344,14294.5950802359
"No","No",618.998439866302,17122.347555865
"No","Yes",1005.59382873394,15851.4826456384
"No","Yes",410.46674874912,25574.4383224847
"No","Yes",0,21719.4548323269
"No","No",219.145709509397,37993.0436785143
"No","No",955.420645475078,45575.4209895681
"No","No",539.887946834072,33856.4540327504
"No","No",490.251032848557,49222.4913819642
"No","No",1162.69979639329,27206.6618497453
"No","No",649.782495505476,39655.3981843522
"No","No",947.813789455262,42094.4701536065
"No","No",740.885186560821,34196.067455362
"No","No",160.524878725024,29675.8354904945
"No","Yes",1148.92313944526,19717.4262918616
"No","No",1026.95519673516,40307.0110217945
"No","No",0,44754.2488808886
"No","No",629.605587398253,50113.8207069077
"No","No",1129.20265874509,40688.6355917437
"No","No",681.575749997487,29980.3305443007
"No","No",196.19541561495,26612.5603018635
"No","No",264.372356972425,45778.308946636
"No","No",815.737668044725,48788.1033402742
"No","No",1590.64164138129,36242.4969956276
"No","Yes",516.060491676575,16615.0219627607
"No","No",821.498846966475,39318.4893922058
"No","No",773.211724534176,34353.3143050038
"No","No",240.077434521457,41508.9556964546
"No","No",389.613251859694,43472.6742993942
"No","Yes",1053.16173509751,25222.978843404
"No","Yes",1334.97118024022,14834.8642935984
"No","No",325.091275054021,41257.5607449296
"No","No",843.429659446319,39512.0690455385
"No","Yes",1026.15356049033,25393.7687970803
"No","No",191.611070550308,35119.5813835898
"No","Yes",690.421049211989,19273.7323863817
"No","No",713.673397858288,48914.5602035217
"No","No",1475.50384683721,44769.1221419027
"No","Yes",1762.35218285289,17032.3423516869
"No","No",136.505521337915,45596.1078294951
"No","No",969.134944037313,29705.0413235056
"No","Yes",1031.49888597034,24636.3002154852
"No","Yes",1752.73614962439,15596.8914294528
"No","Yes",1196.49194120137,14916.4446906476
"No","No",557.374968867559,35067.2662366586
"No","No",1734.22804374841,37621.6331723075
"No","No",0,44902.9293469253
"No","No",0,27367.7826593374
"No","Yes",662.99536303253,12008.3357418696
"No","No",738.221429789569,25184.4673054809
"No","No",600.538096885772,39260.3821217756
"No","No",1338.46111617072,23909.5469466814
"No","No",949.129084899619,28411.6564861553
"No","No",12.0792665336124,32670.4196401503
"No","No",0,50258.5389376857
"No","Yes",1035.82346778548,13959.4204534083
"No","No",1027.01757050938,47046.0123584044
"No","Yes",1413.27442745588,19064.6221920762
"No","No",0,34213.4915205813
"No","No",290.679874013809,37603.9721703408
"No","Yes",1197.60895727108,17452.0000360637
"No","No",758.134285088564,33220.5754915223
"No","No",698.291724729687,43876.1618752754
"No","No",683.357393752549,29269.3335200448
"No","Yes",1103.91300124722,28552.5373346619
"No","Yes",1134.69657246644,20068.0185456427
"No","No",381.258558545531,55896.2338543989
"No","No",0,43311.6406962292
"No","Yes",1119.56935332865,16556.0702053511
"No","No",1111.0865758202,27466.8936820066
"No","No",1248.37574903962,37469.8646245304
"No","Yes",345.799607124424,15967.9908471267
"No","Yes",910.383604650027,19163.8069881897
"No","No",0,51758.4102919257
"No","Yes",154.875531554762,20685.4574218412
"No","No",1059.35160533058,41179.0100155982
"No","No",0,18593.9147350522
"No","No",56.9675603504705,35458.4815614207
"No","Yes",688.181241721348,18755.9532326181
"No","Yes",502.797735462042,13376.0533426289
"No","No",262.791336186532,28974.7505490968
"No","No",197.989403751685,33723.9857591643
"No","Yes",417.478256980257,17787.9478232724
"No","No",696.012758739235,35920.6620176138
"No","No",0,37112.597798942
"No","No",1213.7941049861,48796.8492780349
"No","No",441.336983219759,55970.9233586644
"No","No",250.879583544009,51662.2278223809
"No","No",705.197176762044,35864.0117216156
"No","No",0,23616.5390057379
"No","Yes",203.966127021897,16433.6742949772
"No","Yes",1217.6673550098,20977.2351863501
"No","Yes",513.836763185943,9879.11522086725
"No","No",1450.34918369889,33957.1819605723
"No","No",482.975818834569,47924.6766405041
"No","No",391.256627667898,33651.4055616119
"No","No",783.087084312125,36917.1031687996
"No","Yes",1844.36171830721,14238.1132465561
"No","No",955.343370548383,40368.5978855312
"No","No",649.159045714336,37015.2749917907
"No","No",1000.52543821309,53680.9837392223
"No","Yes",591.140265303186,19937.0225685188
"No","Yes",1016.45061642843,15099.5302012588
"No","No",948.777978664131,24094.7864892109
"No","No",519.308691599167,42861.9326596232
"No","No",937.923175402473,31664.0669007571
"No","No",1071.30534740383,19529.0351866058
"No","No",51.8884865930952,41839.1733870635
"No","No",1366.02602189242,51551.1083201808
"No","Yes",492.657068547904,10154.1562624726
"No","No",1047.13968862834,46007.9806068582
"No","No",650.04611001589,46137.9329673966
"No","No",25.8003766684075,44091.687910866
"No","No",922.817168040893,50800.3590145358
"No","Yes",366.786957314063,25833.0630989749
"No","No",883.867885324978,42866.3839541323
"No","No",344.545009104846,38463.6852600914
"No","Yes",999.391696394237,23688.6489687946
"No","No",370.963648959728,25321.3528225484
"No","No",644.800255330071,32298.3085674304
"No","No",634.477775997833,56726.1200096328
"No","No",2058.78478074305,55021.5518021545
"No","No",1384.39245361744,35499.526931748
"No","No",366.260111383432,52360.9128805627
"No","No",102.258372426939,23476.7453563298
"No","No",421.759624929585,35522.6659777317
"No","No",569.790872578607,54335.2240998272
"No","No",32.0680789944308,38788.6604713797
"No","No",396.844085106912,32656.5228381594
"No","Yes",826.453636513914,21342.7030297359
"No","No",371.881863400765,46682.5469471478
"No","No",915.771563906364,24243.1801621741
"No","Yes",1011.45881429469,28316.7576084851
"No","No",244.935778985894,27369.0105220281
"No","No",931.784107242425,37280.4101469294
"No","No",349.660665623366,39391.3223138929
"No","No",782.648690118751,37497.0870021449
"No","No",1523.37267411625,44603.3263715189
"No","Yes",1545.63745986469,13959.9936735773
"No","No",1347.46071020221,32720.4457444376
"No","No",182.238720004123,45937.9768756614
"No","Yes",770.408789116406,1498.22727449612
"No","Yes",968.671100957994,22212.7410345934
"No","No",981.943933832087,38483.5318863506
"No","Yes",287.64948929053,15441.3667468103
"No","No",971.709025015626,33774.8919114669
"No","No",791.663341774579,48127.6261396151
"No","No",193.283164669805,37376.6497130654
"No","No",1427.71842109148,27425.6749546043
"No","Yes",561.19403528401,27421.1112560912
"No","No",570.054698668476,42157.8077120892
"No","No",947.235416304317,28310.4937788445
"No","Yes",0,19919.5634409027
"No","Yes",1152.52022436875,12699.405867675
"No","No",48.9655502639223,27069.7397840305
"No","Yes",153.261039737442,14027.7907404296
"No","No",776.56835738045,54662.5160004175
"No","Yes",1184.20444313768,23235.6567863856
"No","Yes",327.419883103167,14938.9443523853
"No","No",1389.80307501266,48868.0931533735
"No","No",940.590874822012,41560.4709935342
"No","No",591.636269770793,33852.3096699306
"No","Yes",192.411154711618,24050.371721417
"No","No",499.913435722248,28352.5533921151
"No","Yes",1273.1862477934,20429.6213674886
"No","No",1656.17327163556,41133.1268472153
"No","No",1156.99452812612,53450.2735865097
"No","No",280.955900327091,37690.0334766458
"No","No",663.244157339197,25728.8684447605
"No","No",1228.30835035336,37408.5038685076
"No","No",79.5389496655106,34417.3757217671
"No","Yes",894.465468093504,14035.4991381188
"No","No",688.022470132904,29019.8178882188
"No","Yes",584.081228595012,24440.020350386
"No","No",6.0718923507153,46930.5751609952
"No","Yes",1493.87356174054,15626.6594167928
"No","No",803.975566261737,41429.2482535756
"No","No",1356.74383618414,54489.9387774168
"No","No",330.324289217389,55734.0457402734
"No","No",1123.43472291482,45366.811408952
"No","No",606.581004829702,32497.4488581538
"No","No",0,49959.141007874
"No","No",83.0803727287823,45442.8298623253
"No","No",439.043893107684,40148.108054317
"No","Yes",953.809047021419,18241.7414386977
"No","Yes",514.368265849261,18934.6834675869
"No","No",1442.12980525117,10921.6150280099
"No","Yes",1544.14024986831,11102.5347437309
"No","No",479.546200741212,24805.9234039658
"No","No",98.3966175462976,25308.5899305255
"No","No",527.252016259759,49280.3009402279
"No","No",1569.00905338372,36669.1123645833
"No","No",868.006030057611,50549.5334619527
"No","No",558.178484419266,12740.8646435052
"No","No",1287.20589549305,37135.3639398797
"No","No",1061.2842367146,32839.344860116
"No","No",131.633998250593,42028.0085987333
"No","Yes",906.033700467737,22658.7633289403
"No","No",389.055327796639,22581.6236528053
"No","No",357.592156699681,48565.0177083166
"No","No",423.407947289886,40844.3415096871
"No","Yes",1240.0956001901,20134.6472923928
"No","No",584.14121640762,35517.2291107955
"No","No",1067.13902561623,53995.7304950264
"No","No",855.822381005313,56219.8088366298
"No","Yes",1108.05351768099,10853.2309395985
"No","Yes",193.719762500207,18002.547648728
"No","No",865.886543679469,59740.7325304862
"No","Yes",522.381180598609,23440.0642225885
"No","No",438.234685195282,48859.2610204599
"No","No",1184.89962505962,53896.9022479321
"No","No",1534.00700450546,35566.2670692778
"No","No",694.412430789019,47705.8712772338
"No","Yes",679.809546964661,19263.1233225777
"No","Yes",1534.96839986598,17084.5811173852
"No","No",400.888873152191,53900.664457035
"No","No",890.266872175803,36631.498422027
"No","No",1151.63056608265,42917.4695636282
"No","No",493.95999044986,34621.7576420746
"No","No",456.373018755051,47633.7854435193
"No","Yes",1112.70118907868,20901.2137448942
"No","No",528.40443472107,41066.7319025751
"No","No",580.379056126581,55724.2712260263
"No","Yes",1095.86882248829,16127.5246644441
"No","No",1227.26180035355,49697.0461841938
"No","Yes",375.918849493335,20740.0761917877
"No","No",403.034376540736,48874.151164611
"No","No",131.576672964284,51106.9948502149
"No","No",1153.80219423116,37552.6216193783
"No","No",896.027135886118,30452.0368389113
"No","Yes",1084.04408433742,13680.1132986044
"No","No",451.129324126637,39849.7132394904
"No","No",560.514619197812,25254.0416554866
"No","No",1744.93580277786,43978.1123466617
"No","Yes",651.550004936349,17743.0656159922
"No","No",1380.14403201419,48087.825053096
"No","Yes",913.276157564341,20446.2030006723
"No","Yes",1168.86840328253,18113.3437663792
"No","No",849.129011101001,26970.736094989
"No","No",529.189078465686,50195.1130066062
"No","No",618.125338151726,27868.7938862439
"No","No",0,41564.7698338846
"No","No",572.4682971281,52797.4293765822
"No","Yes",1319.70644850247,23373.9311983134
"No","No",0,52632.3298935436
"No","Yes",292.85741080938,15220.9358723481
"No","No",1077.73308347226,50334.8541187515
"No","No",118.598450931479,35974.7640052522
"No","Yes",630.704463000824,16501.8090037026
"No","No",124.828459521634,39478.3000749473
"No","No",801.855034413267,39156.6274892218
"No","No",112.033309975348,40057.0774440998
"No","Yes",1350.7575768851,19692.9187842779
"No","No",766.096021086797,41435.591897162
"No","No",638.540333212731,20607.4593037699
"No","Yes",1230.71462791196,18581.2746126331
"No","Yes",465.871073366709,14519.4733831391
"No","No",1039.20725473548,40028.9041967729
"No","No",586.968885382876,50317.6528901077
"No","No",826.953672491255,16124.6256836141
"No","No",1263.79824190405,47203.8202849677
"No","No",626.160154224477,34007.9083467236
"No","No",326.652236024477,45562.5742373376
"No","Yes",853.818357435337,18750.7506332069
"No","No",369.050487595412,38418.8665205537
"No","No",182.370459994264,45507.9336965974
"No","No",87.9486517918008,47924.6979109095
"No","No",270.587863722704,33490.0052711357
"No","No",794.584066954045,37520.2533303122
"No","No",981.799329814043,49644.9187081982
"No","Yes",1883.06545604736,23989.8924556863
"No","Yes",460.202332018861,14782.4587719904
"No","No",877.343686869075,40689.4785866351
"No","Yes",1451.30354178896,14185.1379196466
"No","No",416.861181771703,39672.5172956473
"No","No",1328.33410346743,39877.6124571625
"No","Yes",1242.5214000392,18331.0035192795
"No","No",0,43599.4532930336
"No","Yes",944.8328467186,23323.8227309825
"No","No",924.241534804409,45207.3876257005
"No","No",0,34563.0458822401
"No","No",528.569204946604,42249.3569999467
"No","No",905.645634729108,35876.7956914194
"No","No",277.294917912513,27548.9502982988
"No","Yes",837.972336155771,25773.18264869
"No","No",798.659894709359,17463.0213544847
"No","No",819.326374631826,22406.0549367066
"No","No",1213.35295480262,39344.1240263279
"No","No",339.676804208343,43308.965897573
"No","Yes",469.456415113981,13944.8933994208
"No","Yes",728.543556143868,12475.4607349102
"No","No",1084.90992326231,15981.6890852726
"No","No",594.364428159126,24273.5624820861
"No","Yes",733.78339042547,16124.3542488896
"No","No",519.517295548749,39704.6929625122
"No","No",1079.82329871977,44390.7160538533
"No","No",766.929094869356,25376.1037623839
"No","Yes",893.966466246846,15092.7760309073
"No","No",775.022944702917,39137.0767283306
"No","No",1132.35806231732,52489.7642194785
"No","No",463.90181290855,39626.7694268247
"No","No",218.014100689461,29211.398463684
"No","No",1135.49329308145,37962.9829034037
"No","Yes",801.0497163256,14679.8334438848
"No","No",634.186610299309,32255.989236893
"No","Yes",1569.30275654962,13711.492401417
"No","Yes",335.834118576172,21759.8702696952
"No","Yes",322.311954337769,10056.1105453176
"No","Yes",990.543215773955,12398.4906038395
"No","No",250.835244898776,58139.0215907988
"No","No",113.571264398777,32803.8326475959
"No","Yes",1365.02282368458,23281.320499788
"No","No",721.808132499821,56375.7219879443
"No","No",816.093887178331,37763.0365071823
"No","Yes",738.268601159608,14063.0754606611
"No","Yes",1184.93652302344,25108.756711813
"No","No",933.751152075546,52319.1535099304
"No","No",114.884475066108,27365.4222002411
"No","No",1143.52956232014,38663.2286266236
"No","No",952.138822970475,28642.3637962168
"No","Yes",1268.48611351102,19862.0444216306
"No","Yes",1142.73479164867,12893.9590863901
"No","Yes",565.830058840306,21042.2277169228
"No","No",1561.53353016525,54594.8467076871
"No","No",550.532712518723,27223.85786997
"No","No",257.897657222952,39477.0318565651
"No","No",1536.23227623546,30635.571790594
"No","No",790.590582117334,48219.5944665748
"No","No",913.638326726234,50351.1551950528
"No","No",239.193366265676,33743.2265524886
"No","Yes",1036.32351410449,14108.4545196219
"No","No",744.766199664744,35067.6437229118
"No","No",75.9517639373938,60826.9940271173
"No","Yes",0,23735.4085420558
"No","Yes",1947.07267886716,13157.9565570619
"No","Yes",674.850939233073,15798.1345957042
"No","Yes",1343.77712401475,28198.005353463
"No","Yes",0,20157.2512618026
"No","No",1189.24118445074,29889.6022774471
"No","No",597.757142017061,31577.6151255677
"No","No",157.763001571446,36206.2856905703
"No","Yes",451.711523066804,22483.0958101843
"No","Yes",1730.2910812987,19446.6757215789
"No","Yes",1684.2753411013,20344.1782031723
"No","No",506.776514229109,40625.4874731359
"No","No",1603.33339741999,43474.6376048989
"No","Yes",1299.18732366924,19878.7473498519
"No","No",1391.40768882587,30427.2025804345
"No","No",896.721924827569,48703.4129743348
"No","No",1302.47913157629,43154.3929272714
"No","Yes",974.014384870528,20108.1035841497
"No","No",68.7562944774306,45811.7429439996
"No","No",1044.55234328472,54696.7659816226
"No","No",471.918842996091,60656.0507877414
"No","No",343.72428475339,53705.4596253535
"No","No",628.566971300707,37617.1191790581
"No","Yes",1220.52491385296,12195.3619458105
"No","No",969.445759217257,33411.8010856992
"No","Yes",1190.18882924144,15860.3266837987
"No","No",957.59190285973,35330.8553531479
"No","Yes",15.1537927269189,13430.4158449196
"No","No",507.334595801347,56075.1028426007
"No","No",239.384478789428,25485.17338129
"No","No",853.246221589931,41581.195336223
"No","No",0,37517.2464147507
"No","Yes",1380.08752574482,19245.8326918502
"No","No",1286.63632041227,44825.8658404379
"No","No",901.317747909679,43242.61208683
"No","Yes",705.883064516133,11121.6993090859
"No","No",1184.30802110083,37600.0753409499
"No","Yes",1322.49281185069,22930.4450001465
"No","Yes",850.096116596461,18618.9879075019
"No","Yes",704.292704155334,13472.4831922635
"No","No",294.01879031285,59128.5034044914
"No","No",0,25603.5332583784
"No","Yes",207.925970320052,19078.8919047644
"No","No",999.654013569972,27564.688706363
"No","Yes",1241.06189825831,4664.56504744167
"No","Yes",683.441300405235,22595.4539568037
"No","No",607.721136462867,41791.8877368967
"No","No",473.02745797478,43016.8607304856
"No","No",479.042378990356,37255.8803342804
"No","No",1474.63803590209,39872.2277658541
"No","No",828.970738675171,33423.936365316
"No","No",931.041170135349,42225.3671429443
"No","Yes",215.63389776376,23221.6193715472
"No","Yes",1234.94271600877,26919.1159560062
"No","No",380.173508308381,37395.718934378
"No","No",1012.28620807044,60697.6336154775
"No","No",700.453136926996,54661.1150697389
"No","No",1351.95743719203,24136.0719476857
"No","Yes",2.99446199667136,18710.2647984133
"No","No",1724.36913158985,32610.8103326017
"No","Yes",846.171959465112,19577.4271953577
"No","No",1086.74028592913,42451.9930812468
